Position,Company,Location,URLfull details of Software Engineer, Detection and Prevention Pipelines (Remot...,<a class="turnstileLink companyOverviewLink" data-tn-element="companyName" href="/cmp/Crowdstrike" rel="noopener" target="_blank">CrowdStrike</a>,<span class="more_loc_container"><a aria-label="Same Software Engineer, Detection and Prevention Pipelines (Remot... job in 7 other locations" class="more_loc" href="/addlLoc/redirect?tk=1gctandoe2mn5000&amp;jk=6abda7a00ae94245&amp;dest=%2Fjobs%3Fq%3Dpython%26grpKey%3D8gcGdG5mdGNsuA%252B5gOoMqhAeCglub3JtdGl0bGUaEXNvZnR3YXJlIGVuZ2luZWVy" rel="nofollow">+7 locations</a></span>,https://kr.indeed.com/rc/clk?jk=6abda7a00ae94245&fccid=64e4cdd7435d8c42&vjs=3
full details of Software Engineer,<a class="turnstileLink companyOverviewLink" data-tn-element="companyName" href="/cmp/Microsoft" rel="noopener" target="_blank">Microsoft</a>,<span class="more_loc_container"><a aria-label="Same Software Engineer job in 8 other locations" class="more_loc" href="/addlLoc/redirect?tk=1gctandoe2mn5000&amp;jk=fe3feb2fa2b60b26&amp;dest=%2Fjobs%3Fq%3Dpython%26grpKey%3D8gcGdG5mdGNsuA%252BpIaoQHgoJbm9ybXRpdGxlGhFzb2Z0d2FyZSBlbmdpbmVlcg%253D%253D" rel="nofollow">+8 locations</a></span>,https://kr.indeed.com/rc/clk?jk=fe3feb2fa2b60b26&fccid=734cb5a01ee60f80&vjs=3
full details of Software Engineer - Apprentice,<a class="turnstileLink companyOverviewLink" data-tn-element="companyName" href="/cmp/Wepay" rel="noopener" target="_blank">wepay</a>,<span class="more_loc_container"><a aria-label="Same Software Engineer - Apprentice job in 5 other locations" class="more_loc" href="/addlLoc/redirect?tk=1gctandoe2mn5000&amp;jk=4d532361313682c1&amp;dest=%2Fjobs%3Fq%3Dpython%26grpKey%3D8gcGdG5mdGNsuA%252FwuJkDqhAeCglub3JtdGl0bGUaEXNvZnR3YXJlIGVuZ2luZWVy" rel="nofollow">+5 locations</a></span>,https://kr.indeed.com/rc/clk?jk=4d532361313682c1&fccid=62ed771460d18f9d&vjs=3
full details of Python Developer,<a class="turnstileLink companyOverviewLink" data-tn-element="companyName" href="/cmp/Aderas,-Inc" rel="noopener" target="_blank">Aderas, Inc</a>,<span class="companyLocation--extras">(<!-- -->Sunset Hills area<!-- -->)</span>,https://kr.indeed.com/rc/clk?jk=bbc7cafee35c1d58&fccid=0dda1be9ca9df7ae&vjs=3
full details of Remote Python Developer,<a class="turnstileLink companyOverviewLink" data-tn-element="companyName" href="/cmp/Piper-Companies" rel="noopener" target="_blank">Piper Companies</a>,<span class="more_loc_container"><a aria-label="Same Remote Python Developer job in 7 other locations" class="more_loc" href="/addlLoc/redirect?tk=1gctandoe2mn5000&amp;jk=a240acd90cd8f9f1&amp;dest=%2Fjobs%3Fq%3Dpython%26grpKey%3D8gcGdG5mdGNsuA%252FrmtMXqhAdCglub3JtdGl0bGUaEHB5dGhvbiBkZXZlbG9wZXI%253D" rel="nofollow">+7 locations</a></span>,https://kr.indeed.com/rc/clk?jk=a240acd90cd8f9f1&fccid=fc68da685e8aa986&vjs=3
full details of Entry-Level Software Engineering Rotational Program - Remote,<a class="turnstileLink companyOverviewLink" data-tn-element="companyName" href="/cmp/General-Motors" rel="noopener" target="_blank">General Motors</a>,<span class="more_loc_container"><a aria-label="Same Entry-Level Software Engineering Rotational Program - Remote job in 1 other location" class="more_loc" href="/addlLoc/redirect?tk=1gctandoe2mn5000&amp;jk=2de1e687510cf68f&amp;dest=%2Fjobs%3Fq%3Dpython%26grpKey%3D8gcGdG5mdGNsuA%252BJHqoQKgoJbm9ybXRpdGxlGh1lbnRyeSBsZXZlbCBzb2Z0d2FyZSBlbmdpbmVlcg%253D%253D" rel="nofollow">+1 location</a></span>,https://kr.indeed.com/rc/clk?jk=2de1e687510cf68f&fccid=116680a29a847a70&vjs=3
full details of Software Engineer (Python),<a class="turnstileLink companyOverviewLink" data-tn-element="companyName" href="/cmp/Easypost" rel="noopener" target="_blank">EasyPost</a>,<span class="more_loc_container"><a aria-label="Same Software Engineer (Python) job in 36 other locations" class="more_loc" href="/addlLoc/redirect?tk=1gctandoe2mn5000&amp;jk=635f3a811ad774c5&amp;dest=%2Fjobs%3Fq%3Dpython%26grpKey%3D8gcGdG5mdGNsuA%252FQhuwQqhAeCglub3JtdGl0bGUaEXNvZnR3YXJlIGVuZ2luZWVy" rel="nofollow">+36 locations</a></span>,https://kr.indeed.com/rc/clk?jk=635f3a811ad774c5&fccid=96b9503e35c0f0a9&vjs=3
full details of Systems Administrator/Automation Engineer – Intelligence Cus...,<a class="turnstileLink companyOverviewLink" data-tn-element="companyName" href="/cmp/Crowdstrike" rel="noopener" target="_blank">CrowdStrike</a>,<span>Remote</span>,https://kr.indeed.com/rc/clk?jk=95ebf189a7c2bf89&fccid=64e4cdd7435d8c42&vjs=3
full details of Senior Python Developer,<a class="turnstileLink companyOverviewLink" data-tn-element="companyName" href="/cmp/Miratech" rel="noopener" target="_blank">Miratech</a>,None,https://kr.indeed.com/rc/clk?jk=b224b99efc66954e&fccid=7352a5c12db64f50&vjs=3
full details of Part-Time Student-Software Engineering-Cybersecurity-Remote,<a class="turnstileLink companyOverviewLink" data-tn-element="companyName" href="/cmp/John-Deere" rel="noopener" target="_blank">John Deere</a>,<span class="more_loc_container"><a aria-label="Same Part-Time Student-Software Engineering-Cybersecurity-Remote job in 9 other locations" class="more_loc" href="/addlLoc/redirect?tk=1gctandoe2mn5000&amp;jk=109dcc4ffecbdcb1&amp;dest=%2Fjobs%3Fq%3Dpython%26grpKey%3D8gcGdG5mdGNsuA%252FOBKoQHgoJbm9ybXRpdGxlGhFzb2Z0d2FyZSBlbmdpbmVlcg%253D%253D" rel="nofollow">+9 locations</a></span>,https://kr.indeed.com/rc/clk?jk=109dcc4ffecbdcb1&fccid=38eb72d608d80c79&vjs=3
full details of AUTOMATION QA,<a class="turnstileLink companyOverviewLink" data-tn-element="companyName" href="/cmp/Draftkings" rel="noopener" target="_blank">DraftKings</a>,None,https://kr.indeed.com/rc/clk?jk=7883ef2d6018ff8c&fccid=2b2d6f212948082d&vjs=3
full details of Python Developer,<a class="turnstileLink companyOverviewLink" data-tn-element="companyName" href="/cmp/Accenture" rel="noopener" target="_blank">Accenture</a>,<span class="more_loc_container"><a aria-label="Same Python Developer job in 3 other locations" class="more_loc" href="/addlLoc/redirect?tk=1gctandoe2mn5000&amp;jk=2d3d35b115c2d97c&amp;dest=%2Fjobs%3Fq%3Dpython%26grpKey%3D8gcGdG5mdGNsuA%252FiE6oQHQoJbm9ybXRpdGxlGhBweXRob24gZGV2ZWxvcGVy" rel="nofollow">+3 locations</a></span>,https://kr.indeed.com/rc/clk?jk=2d3d35b115c2d97c&fccid=a4e4e2eaf26690c9&vjs=3
full details of Python Developer,None,None,https://kr.indeed.com/rc/clk?jk=3b08cf4aa11ba2d0&fccid=a920ea1d79127aa0&vjs=3
full details of Senior Python Engineer,None,<span class="more_loc_container"><a aria-label="Same Senior Python Engineer job in 1 other location" class="more_loc" href="/addlLoc/redirect?tk=1gctandoe2mn5000&amp;jk=4e515616a680e925&amp;dest=%2Fjobs%3Fq%3Dpython%26grpKey%3D8gcGdG5mdGNsuA%252FNgYoiqhAdCglub3JtdGl0bGUaEHB5dGhvbiBkZXZlbG9wZXI%253D" rel="nofollow">+1 location</a></span>,https://kr.indeed.com/rc/clk?jk=4e515616a680e925&fccid=ad2fc6503a8fa97f&vjs=3
full details of Software Engineer II, Python,<a class="turnstileLink companyOverviewLink" data-tn-element="companyName" href="/cmp/Trueaccord" rel="noopener" target="_blank">TrueAccord</a>,<span class="more_loc_container"><a aria-label="Same Software Engineer II, Python job in 4 other locations" class="more_loc" href="/addlLoc/redirect?tk=1gctandoe2mn5000&amp;jk=81a8831e7d8ebf2c&amp;dest=%2Fjobs%3Fq%3Dpython%26grpKey%3D8gcGdG5mdGNsuA%252Fb8%252FEPqhAlCglub3JtdGl0bGUaGHNlbmlvciBzb2Z0d2FyZSBlbmdpbmVlcg%253D%253D" rel="nofollow">+4 locations</a></span>,https://kr.indeed.com/company/TrueAccord/jobs/Software-Engineer-81a8831e7d8ebf2c?fccid=210bcab0885b7dd3&vjs=3
Senior Open Source Developer & DevOps (Python  Django  React  AWS/OpenStack),OpenCraft,Anywhere in the World,https://weworkremotely.com/remote-jobs/opencraft-senior-open-source-developer-devops-python-django-react-aws-openstack
(Senior) Python Full Stack Software Developer,Optimile,Europe Only,https://weworkremotely.com/remote-jobs/optimile-senior-python-full-stack-software-developer
Python / PHP Senior Developer for Ambitious Startup,Soundsnap/ Beatopia,Europe Only,https://weworkremotely.com/remote-jobs/soundsnap-beatopia-python-php-senior-developer-for-ambitious-startup
Senior Software Engineer  Python,AssemblyAI (YC 17),Anywhere in the World,https://weworkremotely.com/remote-jobs/assemblyai-yc-17-senior-software-engineer-python
Senior Backend Engineer - Python,TheoremOne  LLC,Anywhere in the World,https://weworkremotely.com/remote-jobs/theoremone-llc-senior-backend-engineer-python
Senior Python Developer - Full Remote ,Ebury,Latin America Only/Europe Only,https://weworkremotely.com/remote-jobs/ebury-senior-python-developer-full-remote-1
Python Developer - Remote,UpStack Technologies  Inc.,Americas Only/Europe Only,https://weworkremotely.com/remote-jobs/upstack-technologies-inc-python-developer-remote
Senior Backend Engineer (Python),TestGorilla,Anywhere in the World,https://weworkremotely.com/remote-jobs/testgorilla-senior-backend-engineer-python-7
Backend Engineer (Python),TestGorilla,Anywhere in the World,https://weworkremotely.com/remote-jobs/testgorilla-backend-engineer-python-6
Python Developer,Lemon.io,Latin America Only/Europe Only,https://weworkremotely.com/remote-jobs/lemon-io-python-developer-1
Backend Engineer - Integrations (Python),Cerity Partners LLC,USA Only,https://weworkremotely.com/remote-jobs/cerity-partners-llc-backend-engineer-integrations-python
Senior Back End Developer (Python) - [Remote],EventMobi,Anywhere in the World,https://weworkremotely.com/remote-jobs/eventmobi-senior-back-end-developer-python-remote
Python Platform Engineer,Doximity,Americas Only,https://weworkremotely.com/remote-jobs/doximity-python-platform-engineer
Software Development Engineer in Test – Python – Cyprus  Greece or Remote ,XM,Anywhere in the World,https://weworkremotely.com/remote-jobs/xm-software-development-engineer-in-test-python-cyprus-greece-or-remote-1
Senior QA Software Test Automation Engineer – Python – Cyprus  Greece  Remote ,XM,Anywhere in the World,https://weworkremotely.com/remote-jobs/xm-senior-qa-software-test-automation-engineer-python-cyprus-greece-remote-1
